[
    {
        "code": "US",
        "name": "United States",
        "cities": ["New York", "Los Angeles", "Chicago", "Houston", "Phoenix", "Philadelphia", "San Antonio", "San Diego", "Dallas", "San Jose"]
    },
    {
        "code": "GB",
        "name": "United Kingdom",
        "cities": ["London", "Manchester", "Birmingham", "Liverpool", "Leeds", "Sheffield", "Edinburgh", "Glasgow", "Bristol", "Cardiff"]
    },
    {
        "code": "CA",
        "name": "Canada",
        "cities": ["Toronto", "Vancouver", "Montreal", "Calgary", "Edmonton", "Ottawa", "Winnipeg", "Quebec City", "Hamilton", "Kitchener"]
    },
    {
        "code": "AU",
        "name": "Australia",
        "cities": ["Sydney", "Melbourne", "Brisbane", "Perth", "Adelaide", "Gold Coast", "Newcastle", "Canberra", "Sunshine Coast", "Wollongong"]
    },
    {
        "code": "DE",
        "name": "Germany",
        "cities": ["Berlin", "Munich", "Hamburg", "Frankfurt", "Cologne", "Stuttgart", "Düsseldorf", "Dortmund", "Essen", "Leipzig"]
    },
    {
        "code": "FR",
        "name": "France",
        "cities": ["Paris", "Lyon", "Marseille", "Toulouse", "Nice", "Nantes", "Strasbourg", "Montpellier", "Bordeaux", "Lille"]
    },
    {
        "code": "IT",
        "name": "Italy",
        "cities": ["Rome", "Milan", "Naples", "Turin", "Palermo", "Genoa", "Bologna", "Florence", "Bari", "Catania"]
    },
    {
        "code": "ES",
        "name": "Spain",
        "cities": ["Madrid", "Barcelona", "Valencia", "Seville", "Zaragoza", "Málaga", "Murcia", "Palma", "Las Palmas", "Bilbao"]
    },
    {
        "code": "NL",
        "name": "Netherlands",
        "cities": ["Amsterdam", "Rotterdam", "The Hague", "Utrecht", "Eindhoven", "Groningen", "Tilburg", "Almere", "Breda", "Nijmegen"]
    },
    {
        "code": "BE",
        "name": "Belgium",
        "cities": ["Brussels", "Antwerp", "Ghent", "Charleroi", "Liège", "Bruges", "Namur", "Leuven", "Mons", "Aalst"]
    }
]

